ds,trend,yhat_lower,yhat_upper,trend_lower,trend_upper,additive_terms,additive_terms_lower,additive_terms_upper,weekly,weekly_lower,weekly_upper,multiplicative_terms,multiplicative_terms_lower,multiplicative_terms_upper,yhat
2010-12-01,24217.1121714586,9484.324459573465,37745.03444534766,24217.1121714586,24217.1121714586,137.97809646804498,137.97809646804498,137.97809646804498,137.97809646804498,137.97809646804498,137.97809646804498,0.0,0.0,0.0,24355.090267926647
2010-12-02,24189.191923277987,17429.319880766187,45364.86806650738,24189.191923277987,24189.191923277987,7126.896933931327,7126.896933931327,7126.896933931327,7126.896933931327,7126.896933931327,7126.896933931327,0.0,0.0,0.0,31316.088857209314
2010-12-03,24161.271675097378,5688.634557405199,32914.121671049936,24161.271675097378,24161.271675097378,-4304.06142805669,-4304.06142805669,-4304.06142805669,-4304.06142805669,-4304.06142805669,-4304.06142805669,0.0,0.0,0.0,19857.21024704069
2010-12-05,24105.431178736155,-2797.430370336172,25245.359757418322,24105.431178736155,24105.431178736155,-13219.430349447233,-13219.430349447233,-13219.430349447233,-13219.430349447233,-13219.430349447233,-13219.430349447233,0.0,0.0,0.0,10886.000829288922
2010-12-06,24077.51093055554,7184.7196784129255,36405.190589131926,24077.51093055554,24077.51093055554,-1905.8368379840067,-1905.8368379840067,-1905.8368379840067,-1905.8368379840067,-1905.8368379840067,-1905.8368379840067,0.0,0.0,0.0,22171.674092571535
2010-12-07,24049.590682374932,10537.822519570522,39829.16857739399,24049.590682374932,24049.590682374932,1358.4827730539362,1358.4827730539362,1358.4827730539362,1358.4827730539362,1358.4827730539362,1358.4827730539362,0.0,0.0,0.0,25408.07345542887
2010-12-08,24021.67043419432,10674.740380699735,38694.252439841795,24021.67043419432,24021.67043419432,137.9780963948989,137.9780963948989,137.9780963948989,137.9780963948989,137.9780963948989,137.9780963948989,0.0,0.0,0.0,24159.648530589217
2010-12-09,23993.750186013705,16535.478878726324,45451.773052534154,23993.750186013705,23993.750186013705,7126.896933941269,7126.896933941269,7126.896933941269,7126.896933941269,7126.896933941269,7126.896933941269,0.0,0.0,0.0,31120.647119954974
2010-12-10,23965.829937833096,6495.605304189971,34086.068142854536,23965.829937833096,23965.829937833096,-4304.061428058558,-4304.061428058558,-4304.061428058558,-4304.061428058558,-4304.061428058558,-4304.061428058558,0.0,0.0,0.0,19661.768509774538
2010-12-12,23909.989441471873,-3103.112961203904,23580.38119879274,23909.989441471873,23909.989441471873,-13219.430349465458,-13219.430349465458,-13219.430349465458,-13219.430349465458,-13219.430349465458,-13219.430349465458,0.0,0.0,0.0,10690.559092006415
2010-12-13,23882.06919329126,8699.017159869723,36364.581046666084,23882.06919329126,23882.06919329126,-1905.8368380047482,-1905.8368380047482,-1905.8368380047482,-1905.8368380047482,-1905.8368380047482,-1905.8368380047482,0.0,0.0,0.0,21976.232355286513
2010-12-14,23854.14894504798,11296.002203454931,38807.89826092696,23854.14894504798,23854.14894504798,1358.482773010853,1358.482773010853,1358.482773010853,1358.482773010853,1358.482773010853,1358.482773010853,0.0,0.0,0.0,25212.63171805883
2010-12-15,23826.228696804697,10269.522620801341,37106.28015794951,23826.228696804697,23826.228696804697,137.97809643733785,137.97809643733785,137.97809643733785,137.97809643733785,137.97809643733785,137.97809643733785,0.0,0.0,0.0,23964.206793242036
2010-12-16,23798.308448561416,17400.456196568055,43976.81837083528,23798.308448561416,23798.308448561416,7126.89693395121,7126.89693395121,7126.89693395121,7126.89693395121,7126.89693395121,7126.89693395121,0.0,0.0,0.0,30925.205382512628
2010-12-17,23770.388200318135,4945.788508687378,33923.69601047736,23770.388200318135,23770.388200318135,-4304.061428042014,-4304.061428042014,-4304.061428042014,-4304.061428042014,-4304.061428042014,-4304.061428042014,0.0,0.0,0.0,19466.326772276123
2010-12-19,23714.547703831577,-3546.2311990420912,24445.93333605906,23714.547703831577,23714.547703831577,-13219.430349427643,-13219.430349427643,-13219.430349427643,-13219.430349427643,-13219.430349427643,-13219.430349427643,0.0,0.0,0.0,10495.117354403934
2010-12-20,23686.627455588296,9165.058739896316,35349.70278708236,23686.627455588296,23686.627455588296,-1905.8368380120996,-1905.8368380120996,-1905.8368380120996,-1905.8368380120996,-1905.8368380120996,-1905.8368380120996,0.0,0.0,0.0,21780.790617576196
2010-12-21,23658.707207345014,11259.848315360336,37958.04729772511,23658.707207345014,23658.707207345014,1358.4827730785626,1358.4827730785626,1358.4827730785626,1358.4827730785626,1358.4827730785626,1358.4827730785626,0.0,0.0,0.0,25017.189980423576
2010-12-22,23630.786959101733,9959.145704183358,38169.39448185924,23630.786959101733,23630.786959101733,137.97809642198536,137.97809642198536,137.97809642198536,137.97809642198536,137.97809642198536,137.97809642198536,0.0,0.0,0.0,23768.76505552372
2010-12-23,23602.866710858452,16624.1853428711,44151.73989703991,23602.866710858452,23602.866710858452,7126.896933917996,7126.896933917996,7126.896933917996,7126.896933917996,7126.896933917996,7126.896933917996,0.0,0.0,0.0,30729.76364477645
2011-01-04,23267.82383314414,12441.049023734668,38767.291070263855,23267.82383314414,23267.82383314414,1358.4827730413383,1358.4827730413383,1358.4827730413383,1358.4827730413383,1358.4827730413383,1358.4827730413383,0.0,0.0,0.0,24626.306606185477
2011-01-05,23239.903593334617,10603.361956695167,36846.87461712375,23239.903593334617,23239.903593334617,137.97809651291595,137.97809651291595,137.97809651291595,137.97809651291595,137.97809651291595,137.97809651291595,0.0,0.0,0.0,23377.881689847534
2011-01-06,23211.983353525087,16127.437921120492,43678.40024844357,23211.983353525087,23211.983353525087,7126.896933937876,7126.896933937876,7126.896933937876,7126.896933937876,7126.896933937876,7126.896933937876,0.0,0.0,0.0,30338.880287462962
2011-01-07,23184.06311371556,5358.47044437502,31828.628585392322,23184.06311371556,23184.06311371556,-4304.061428078824,-4304.061428078824,-4304.061428078824,-4304.061428078824,-4304.061428078824,-4304.061428078824,0.0,0.0,0.0,18880.001685636737
2011-01-09,23128.22263409651,-4201.605156852223,24820.902995990436,23128.22263409651,23128.22263409651,-13219.430349474742,-13219.430349474742,-13219.430349474742,-13219.430349474742,-13219.430349474742,-13219.430349474742,0.0,0.0,0.0,9908.792284621768
2011-01-10,23100.302394286984,7659.069685967728,34832.045643432844,23100.302394286984,23100.302394286984,-1905.8368380475445,-1905.8368380475445,-1905.8368380475445,-1905.8368380475445,-1905.8368380475445,-1905.8368380475445,0.0,0.0,0.0,21194.46555623944
2011-01-11,23072.38215447746,11188.018978357224,38830.535649315134,23072.38215447746,23072.38215447746,1358.4827730601055,1358.4827730601055,1358.4827730601055,1358.4827730601055,1358.4827730601055,1358.4827730601055,0.0,0.0,0.0,24430.864927537565
2011-01-12,23044.461914667932,9080.016932798942,36040.94195515959,23044.461914667932,23044.461914667932,137.97809643976845,137.97809643976845,137.97809643976845,137.97809643976845,137.97809643976845,137.97809643976845,0.0,0.0,0.0,23182.4400111077
2011-01-13,23016.541674858407,15791.95075819047,44353.422261856926,23016.541674858407,23016.541674858407,7126.896933947818,7126.896933947818,7126.896933947818,7126.896933947818,7126.896933947818,7126.896933947818,0.0,0.0,0.0,30143.438608806224
2011-01-14,22988.62143504888,4494.834999996419,33016.33633018581,22988.62143504888,22988.62143504888,-4304.061428068677,-4304.061428068677,-4304.061428068677,-4304.061428068677,-4304.061428068677,-4304.061428068677,0.0,0.0,0.0,18684.560006980202
2011-01-16,22932.783549579482,-4251.450278004473,24596.69726750945,22932.783549579482,22932.783549579482,-13219.430349506596,-13219.430349506596,-13219.430349506596,-13219.430349506596,-13219.430349506596,-13219.430349506596,0.0,0.0,0.0,9713.353200072886
2011-01-17,22904.864606844785,7141.748419595873,33492.73034156071,22904.864606844785,22904.864606844785,-1905.8368380012416,-1905.8368380012416,-1905.8368380012416,-1905.8368380012416,-1905.8368380012416,-1905.8368380012416,0.0,0.0,0.0,20999.027768843545
2011-01-18,22876.945664110084,10284.254174763817,37744.55226295078,22876.945664110084,22876.945664110084,1358.4827730788716,1358.4827730788716,1358.4827730788716,1358.4827730788716,1358.4827730788716,1358.4827730788716,0.0,0.0,0.0,24235.428437188955
2011-01-19,22849.026721375383,8461.486841017351,36467.37336410067,22849.026721375383,22849.026721375383,137.97809648826012,137.97809648826012,137.97809648826012,137.97809648826012,137.97809648826012,137.97809648826012,0.0,0.0,0.0,22987.004817863643
2011-01-20,22821.107778640682,15861.894218634212,43542.29700486241,22821.107778640682,22821.107778640682,7126.896933914605,7126.896933914605,7126.896933914605,7126.896933914605,7126.896933914605,7126.896933914605,0.0,0.0,0.0,29948.00471255529
2011-01-21,22793.18883590598,4782.314825549914,32381.750808136734,22793.18883590598,22793.18883590598,-4304.061428070545,-4304.061428070545,-4304.061428070545,-4304.061428070545,-4304.061428070545,-4304.061428070545,0.0,0.0,0.0,18489.127407835436
2011-01-23,22737.350950436583,-4556.915131920094,23096.93597952532,22737.350950436583,22737.350950436583,-13219.43034946878,-13219.43034946878,-13219.43034946878,-13219.43034946878,-13219.43034946878,-13219.43034946878,0.0,0.0,0.0,9517.920600967804
2011-01-24,22709.432007701882,6441.871626946002,34476.10544697418,22709.432007701882,22709.432007701882,-1905.836838089029,-1905.836838089029,-1905.836838089029,-1905.836838089029,-1905.836838089029,-1905.836838089029,0.0,0.0,0.0,20803.595169612854
2011-01-25,22681.513064967185,10819.122771720864,38488.376896243135,22681.513064967185,22681.513064967185,1358.4827730228817,1358.4827730228817,1358.4827730228817,1358.4827730228817,1358.4827730228817,1358.4827730228817,0.0,0.0,0.0,24039.995837990067
2011-01-26,22653.594122232484,9222.22412027324,37452.314822288725,22653.594122232484,22653.594122232484,137.9780964729055,137.9780964729055,137.9780964729055,137.9780964729055,137.9780964729055,137.9780964729055,0.0,0.0,0.0,22791.57221870539
2011-01-27,22635.046773729315,15956.925664218874,43022.88383711507,22635.046773729315,22635.046773729315,7126.896933882252,7126.896933882252,7126.896933882252,7126.896933882252,7126.896933882252,7126.896933882252,0.0,0.0,0.0,29761.943707611565
2011-01-28,22616.499425226146,5091.629782906144,31971.671464176456,22616.499425226146,22616.499425226146,-4304.061428054002,-4304.061428054002,-4304.061428054002,-4304.061428054002,-4304.061428054002,-4304.061428054002,0.0,0.0,0.0,18312.437997172143
2011-01-30,22579.404728219808,-4148.541575265521,23660.526210477463,22579.404728219808,22579.404728219808,-13219.430349487006,-13219.430349487006,-13219.430349487006,-13219.430349487006,-13219.430349487006,-13219.430349487006,0.0,0.0,0.0,9359.974378732803
2011-01-31,22560.85737971664,7341.974033910238,34138.26478872008,22560.85737971664,22560.85737971664,-1905.836838042724,-1905.836838042724,-1905.836838042724,-1905.836838042724,-1905.836838042724,-1905.836838042724,0.0,0.0,0.0,20655.020541673915
2011-02-01,22542.31003121347,10133.443824375521,37843.417339906555,22542.31003121347,22542.31003121347,1358.482773041649,1358.482773041649,1358.482773041649,1358.482773041649,1358.482773041649,1358.482773041649,0.0,0.0,0.0,23900.792804255118
2011-02-02,22523.762682710305,8607.803900339262,36473.363163357484,22523.762682710305,22523.762682710305,137.978096457553,137.978096457553,137.978096457553,137.978096457553,137.978096457553,137.978096457553,0.0,0.0,0.0,22661.74077916786
2011-02-03,22505.215334207132,15023.098992048735,43182.78707178562,22505.215334207132,22505.215334207132,7126.896933975913,7126.896933975913,7126.896933975913,7126.896933975913,7126.896933975913,7126.896933975913,0.0,0.0,0.0,29632.112268183046
2011-02-04,22486.667985703967,4175.51828550158,32263.94363618918,22486.667985703967,22486.667985703967,-4304.0614280806785,-4304.0614280806785,-4304.0614280806785,-4304.0614280806785,-4304.0614280806785,-4304.0614280806785,0.0,0.0,0.0,18182.606557623287
2011-02-06,22449.57328869763,-4790.773801702922,22851.54363704575,22449.57328869763,22449.57328869763,-13219.430349484026,-13219.430349484026,-13219.430349484026,-13219.430349484026,-13219.430349484026,-13219.430349484026,0.0,0.0,0.0,9230.142939213603
2011-02-07,22431.025940194457,6798.993270906262,34641.203589855606,22431.025940194457,22431.025940194457,-1905.836838050076,-1905.836838050076,-1905.836838050076,-1905.836838050076,-1905.836838050076,-1905.836838050076,0.0,0.0,0.0,20525.18910214438
2011-02-08,22427.022404090574,9667.032161713109,37620.55268746426,22427.022404090574,22427.022404090574,1358.4827729985652,1358.4827729985652,1358.4827729985652,1358.4827729985652,1358.4827729985652,1358.4827729985652,0.0,0.0,0.0,23785.50517708914
2011-02-09,22423.018867986684,8582.306065931543,36462.09146541457,22423.018867986684,22423.018867986684,137.9780964421991,137.9780964421991,137.9780964421991,137.9780964421991,137.9780964421991,137.9780964421991,0.0,0.0,0.0,22560.996964428883
2011-02-10,22419.015331882798,16401.974328296757,42818.29837213148,22419.015331882798,22419.015331882798,7126.896933984992,7126.896933984992,7126.896933984992,7126.896933984992,7126.896933984992,7126.896933984992,0.0,0.0,0.0,29545.912265867788
2011-02-11,22415.01179577891,4522.128504042861,32622.675921124053,22415.01179577891,22415.01179577891,-4304.061428064137,-4304.061428064137,-4304.061428064137,-4304.061428064137,-4304.061428064137,-4304.061428064137,0.0,0.0,0.0,18110.950367714773
2011-02-13,22407.004723571135,-4369.821758796713,23522.498192392337,22407.004723571135,22407.004723571135,-13219.430349481045,-13219.430349481045,-13219.430349481045,-13219.430349481045,-13219.430349481045,-13219.430349481045,0.0,0.0,0.0,9187.57437409009
2011-02-14,22403.00118746725,5816.88264462549,33719.63598652897,22403.00118746725,22403.00118746725,-1905.8368380574273,-1905.8368380574273,-1905.8368380574273,-1905.8368380574273,-1905.8368380574273,-1905.8368380574273,0.0,0.0,0.0,20497.16434940982
2011-02-15,22398.997651363363,9869.552539078395,36891.100102502314,22398.997651363363,22398.997651363363,1358.4827730662748,1358.4827730662748,1358.4827730662748,1358.4827730662748,1358.4827730662748,1358.4827730662748,0.0,0.0,0.0,23757.48042442964
2011-02-16,22394.994115259473,8923.77307682731,35960.876110687954,22394.994115259473,22394.994115259473,137.97809649068932,137.97809649068932,137.97809649068932,137.97809649068932,137.97809649068932,137.97809649068932,0.0,0.0,0.0,22532.972211750162
2011-02-17,22390.990579155587,15670.851044408108,44011.22040917048,22390.990579155587,22390.990579155587,7126.89693395264,7126.89693395264,7126.89693395264,7126.89693395264,7126.89693395264,7126.89693395264,0.0,0.0,0.0,29517.887513108228
2011-02-18,22400.24017466287,3709.5208461436855,31932.13724282447,22400.24017466287,22400.24017466287,-4304.061428066005,-4304.061428066005,-4304.061428066005,-4304.061428066005,-4304.061428066005,-4304.061428066005,0.0,0.0,0.0,18096.178746596866
2011-02-20,22418.739365677437,-3797.5493319450115,22277.058013211004,22418.739365677437,22418.739365677437,-13219.43034945081,-13219.43034945081,-13219.43034945081,-13219.43034945081,-13219.43034945081,-13219.43034945081,0.0,0.0,0.0,9199.309016226627
2011-02-21,22427.988961184717,6520.784238308133,34193.499899034236,22427.988961184717,22427.988961184717,-1905.8368380781692,-1905.8368380781692,-1905.8368380781692,-1905.8368380781692,-1905.8368380781692,-1905.8368380781692,0.0,0.0,0.0,20522.15212310655
2011-02-22,22437.238556692,9773.626339483028,37971.72392914452,22437.238556692,22437.238556692,1358.4827730231918,1358.4827730231918,1358.4827730231918,1358.4827730231918,1358.4827730231918,1358.4827730231918,0.0,0.0,0.0,23795.72132971519
2011-02-23,22446.488152199283,9360.158868719447,37401.85748441769,22446.488152199283,22446.488152199283,137.97809647533612,137.97809647533612,137.97809647533612,137.97809647533612,137.97809647533612,137.97809647533612,0.0,0.0,0.0,22584.46624867462
2011-02-24,22455.737747706564,16238.642410802711,43504.48570804359,22455.737747706564,22455.737747706564,7126.896933920289,7126.896933920289,7126.896933920289,7126.896933920289,7126.896933920289,7126.896933920289,0.0,0.0,0.0,29582.634681626852
2011-02-25,22464.987343213845,4807.3393214312355,32460.40901532438,22464.987343213845,22464.987343213845,-4304.061428067874,-4304.061428067874,-4304.061428067874,-4304.061428067874,-4304.061428067874,-4304.061428067874,0.0,0.0,0.0,18160.92591514597
2011-02-27,22483.48653422841,-4653.799401077178,22104.747760393173,22483.48653422841,22483.48653422841,-13219.430349447826,-13219.430349447826,-13219.430349447826,-13219.430349447826,-13219.430349447826,-13219.430349447826,0.0,0.0,0.0,9264.056184780584
2011-02-28,22492.736129735695,6365.102008712097,34793.08166146066,22492.736129735695,22492.736129735695,-1905.8368380318652,-1905.8368380318652,-1905.8368380318652,-1905.8368380318652,-1905.8368380318652,-1905.8368380318652,0.0,0.0,0.0,20586.89929170383
2011-03-01,22501.985725242976,10570.076585705616,38866.178907354435,22501.985725242976,22501.985725242976,1358.4827730419581,1358.4827730419581,1358.4827730419581,1358.4827730419581,1358.4827730419581,1358.4827730419581,0.0,0.0,0.0,23860.468498284932
2011-03-02,22521.66860124254,8113.761029231441,35886.70229600619,22521.66860124254,22521.66860124254,137.97809651777652,137.97809651777652,137.97809651777652,137.97809651777652,137.97809651777652,137.97809651777652,0.0,0.0,0.0,22659.64669776032
2011-03-03,22541.351477242104,15840.687055199223,43664.38304220708,22541.351477242104,22541.351477242104,7126.896933929367,7126.896933929367,7126.896933929367,7126.896933929367,7126.896933929367,7126.896933929367,0.0,0.0,0.0,29668.248411171473
2011-03-04,22561.034353241666,5483.48693929784,32216.415653925695,22561.034353241666,22561.034353241666,-4304.061428076137,-4304.061428076137,-4304.061428076137,-4304.061428076137,-4304.061428076137,-4304.061428076137,0.0,0.0,0.0,18256.97292516553
2011-03-06,22600.4001052408,-4377.253929600729,22817.12056392097,22600.4001052408,22600.4001052408,-13219.430349444847,-13219.430349444847,-13219.430349444847,-13219.430349444847,-13219.430349444847,-13219.430349444847,0.0,0.0,0.0,9380.969755795952
2011-03-07,22620.082981240357,6576.318705221174,34469.455602389775,22620.082981240357,22620.082981240357,-1905.836837985561,-1905.836837985561,-1905.836837985561,-1905.836837985561,-1905.836837985561,-1905.836837985561,0.0,0.0,0.0,20714.246143254797
2011-03-08,22639.765857239923,10964.219134945286,37714.21951573266,22639.765857239923,22639.765857239923,1358.4827730607253,1358.4827730607253,1358.4827730607253,1358.4827730607253,1358.4827730607253,1358.4827730607253,0.0,0.0,0.0,23998.248630300648
2011-03-09,22659.44873323949,8737.11971651058,36753.30927432764,22659.44873323949,22659.44873323949,137.97809639893725,137.97809639893725,137.97809639893725,137.97809639893725,137.97809639893725,137.97809639893725,0.0,0.0,0.0,22797.426829638425
2011-03-10,22679.13160923905,15594.383294610185,45088.91104134526,22679.13160923905,22679.13160923905,7126.896933939308,7126.896933939308,7126.896933939308,7126.896933939308,7126.896933939308,7126.896933939308,0.0,0.0,0.0,29806.02854317836
2011-03-11,22698.814485238614,4714.279635917429,33372.97844598402,22698.814485238614,22698.814485238614,-4304.061428059595,-4304.061428059595,-4304.061428059595,-4304.061428059595,-4304.061428059595,-4304.061428059595,0.0,0.0,0.0,18394.75305717902
2011-03-13,22738.180237237742,-4052.8788974687322,23739.619754403524,22738.180237237742,22738.180237237742,-13219.430349476697,-13219.430349476697,-13219.430349476697,-13219.430349476697,-13219.430349476697,-13219.430349476697,0.0,0.0,0.0,9518.749887761045
2011-03-14,22763.70496073858,6291.401027746939,35039.284722260694,22763.70496073858,22763.70496073858,-1905.836838006303,-1905.836838006303,-1905.836838006303,-1905.836838006303,-1905.836838006303,-1905.836838006303,0.0,0.0,0.0,20857.868122732278
2011-03-15,22789.22968423942,10322.71985222733,37641.09968402557,22789.22968423942,22789.22968423942,1358.4827730665838,1358.4827730665838,1358.4827730665838,1358.4827730665838,1358.4827730665838,1358.4827730665838,0.0,0.0,0.0,24147.712457306006
2011-03-16,22814.75440774026,9323.562552942443,36940.94243193017,22814.75440774026,22814.75440774026,137.97809644137763,137.97809644137763,137.97809644137763,137.97809644137763,137.97809644137763,137.97809644137763,0.0,0.0,0.0,22952.732504181637
2011-03-17,22840.2791312411,15948.335266853252,44437.21150971341,22840.2791312411,22840.2791312411,7126.896933949249,7126.896933949249,7126.896933949249,7126.896933949249,7126.896933949249,7126.896933949249,0.0,0.0,0.0,29967.176065190346
2011-03-18,22865.80385474194,4374.929028752359,31665.774498215505,22865.80385474194,22865.80385474194,-4304.06142804305,-4304.06142804305,-4304.06142804305,-4304.06142804305,-4304.06142804305,-4304.06142804305,0.0,0.0,0.0,18561.74242669889
2011-03-20,22916.853301743617,-3835.6562855884877,23244.614822150375,22916.853301743617,22916.853301743617,-13219.43034942526,-13219.43034942526,-13219.43034942526,-13219.43034942526,-13219.43034942526,-13219.43034942526,0.0,0.0,0.0,9697.422952318357
2011-03-21,22942.378025244452,7417.46748006667,34760.16043582941,22942.378025244452,22942.378025244452,-1905.8368380136546,-1905.8368380136546,-1905.8368380136546,-1905.8368380136546,-1905.8368380136546,-1905.8368380136546,0.0,0.0,0.0,21036.541187230796
2011-03-22,22967.902748745295,10734.301746408328,38799.416970680824,22967.902748745295,22967.902748745295,1358.4827730235013,1358.4827730235013,1358.4827730235013,1358.4827730235013,1358.4827730235013,1358.4827730235013,0.0,0.0,0.0,24326.385521768796
2011-03-23,22993.427472246134,8494.46528103502,37073.00258076469,22993.427472246134,22993.427472246134,137.97809642602442,137.97809642602442,137.97809642602442,137.97809642602442,137.97809642602442,137.97809642602442,0.0,0.0,0.0,23131.40556867216
2011-03-24,23019.75022330587,15415.568100894732,43095.8349933421,23019.75022330587,23019.75022330587,7126.896933916898,7126.896933916898,7126.896933916898,7126.896933916898,7126.896933916898,7126.896933916898,0.0,0.0,0.0,30146.647157222767
2011-03-25,23046.072974365605,4630.876035043319,32486.955223083703,23046.072974365605,23046.072974365605,-4304.0614280513155,-4304.0614280513155,-4304.0614280513155,-4304.0614280513155,-4304.0614280513155,-4304.0614280513155,0.0,0.0,0.0,18742.01154631429
2011-03-27,23098.718476485075,-4195.825899857277,24412.70043003465,23098.718476485075,23098.718476485075,-13219.43034945711,-13219.43034945711,-13219.43034945711,-13219.43034945711,-13219.43034945711,-13219.43034945711,0.0,0.0,0.0,9879.288127027965
2011-03-28,23125.04122754481,7895.570842498584,35333.3461992509,23125.04122754481,23125.04122754481,-1905.8368380210059,-1905.8368380210059,-1905.8368380210059,-1905.8368380210059,-1905.8368380210059,-1905.8368380210059,0.0,0.0,0.0,21219.204389523806
2011-03-29,23151.363978604546,11573.742276956116,38065.80130662499,23151.363978604546,23151.363978604546,1358.482772980418,1358.482772980418,1358.482772980418,1358.482772980418,1358.482772980418,1358.482772980418,0.0,0.0,0.0,24509.846751584962
2011-03-30,23177.68672966428,8771.781599678196,37418.01782530284,23177.68672966428,23177.68672966428,137.97809647451467,137.97809647451467,137.97809647451467,137.97809647451467,137.97809647451467,137.97809647451467,0.0,0.0,0.0,23315.664826138796
2011-03-31,23204.009480724017,16373.344588039487,43004.43834726272,23204.009480724017,23204.009480724017,7126.896933968266,7126.896933968266,7126.896933968266,7126.896933968266,7126.896933968266,7126.896933968266,0.0,0.0,0.0,30330.906414692283
2011-04-01,23230.332231783752,4681.463639874165,32801.37620801469,23230.332231783752,23230.332231783752,-4304.061428053184,-4304.061428053184,-4304.061428053184,-4304.061428053184,-4304.061428053184,-4304.061428053184,0.0,0.0,0.0,18926.270803730567
2011-04-03,23282.977733903223,-3362.5672125804936,23374.053617446807,23282.977733903223,23282.977733903223,-13219.430349454131,-13219.430349454131,-13219.430349454131,-13219.430349454131,-13219.430349454131,-13219.430349454131,0.0,0.0,0.0,10063.547384449092
2011-04-04,23309.300484962958,7181.673463074023,34730.133990878174,23309.300484962958,23309.300484962958,-1905.8368379747026,-1905.8368379747026,-1905.8368379747026,-1905.8368379747026,-1905.8368379747026,-1905.8368379747026,0.0,0.0,0.0,21403.463646988253
2011-04-05,23335.638944755683,11494.443760276166,39623.524990197344,23335.638944755683,23335.638944755683,1358.4827730352206,1358.4827730352206,1358.4827730352206,1358.4827730352206,1358.4827730352206,1358.4827730352206,0.0,0.0,0.0,24694.121717790902
2011-04-06,23361.97740454841,9292.946018032215,37107.01258005988,23361.97740454841,23361.97740454841,137.97809645916146,137.97809645916146,137.97809645916146,137.97809645916146,137.97809645916146,137.97809645916146,0.0,0.0,0.0,23499.95550100757
2011-04-07,23388.315864341133,17426.18770366094,44267.92186901768,23388.315864341133,23388.315864341133,7126.896933935916,7126.896933935916,7126.896933935916,7126.896933935916,7126.896933935916,7126.896933935916,0.0,0.0,0.0,30515.21279827705
2011-04-08,23414.65432413386,5702.361622938781,32980.07445364646,23414.65432413386,23414.65432413386,-4304.061428055053,-4304.061428055053,-4304.061428055053,-4304.061428055053,-4304.061428055053,-4304.061428055053,0.0,0.0,0.0,19110.592896078808
2011-04-10,23467.33124371931,-4117.981125289046,23641.650983885742,23467.33124371931,23467.33124371931,-13219.430349472355,-13219.430349472355,-13219.430349472355,-13219.430349472355,-13219.430349472355,-13219.430349472355,0.0,0.0,0.0,10247.900894246954
2011-04-11,23493.669703512034,8245.485768178387,35619.71721110413,23493.669703512034,23493.669703512034,-1905.8368380490988,-1905.8368380490988,-1905.8368380490988,-1905.8368380490988,-1905.8368380490988,-1905.8368380490988,0.0,0.0,0.0,21587.832865462937
2011-04-12,23520.008163304756,11039.186468399439,38863.01562730572,23520.008163304756,23520.008163304756,1358.4827731158368,1358.4827731158368,1358.4827731158368,1358.4827731158368,1358.4827731158368,1358.4827731158368,0.0,0.0,0.0,24878.490936420592
2011-04-13,23546.34662309748,8985.222302711702,38127.90910615315,23546.34662309748,23546.34662309748,137.97809644380754,137.97809644380754,137.97809644380754,137.97809644380754,137.97809644380754,137.97809644380754,0.0,0.0,0.0,23684.324719541288
2011-04-14,23572.685082890206,16090.609154434824,44844.872554227666,23572.685082890206,23572.685082890206,7126.896933945856,7126.896933945856,7126.896933945856,7126.896933945856,7126.896933945856,7126.896933945856,0.0,0.0,0.0,30699.582016836062
2011-04-15,23599.023542682928,5935.483929510856,34007.91126057761,23599.023542682928,23599.023542682928,-4304.061428038509,-4304.061428038509,-4304.061428038509,-4304.061428038509,-4304.061428038509,-4304.061428038509,0.0,0.0,0.0,19294.96211464442
2011-04-17,23651.717863108333,-3725.7169829769696,23154.941882568346,23651.717863108333,23651.717863108333,-13219.430349469374,-13219.430349469374,-13219.430349469374,-13219.430349469374,-13219.430349469374,-13219.430349469374,0.0,0.0,0.0,10432.28751363896
2011-04-18,23678.065023321036,7717.469943999131,35969.31019641355,23678.065023321036,23678.065023321036,-1905.8368380027962,-1905.8368380027962,-1905.8368380027962,-1905.8368380027962,-1905.8368380027962,-1905.8368380027962,0.0,0.0,0.0,21772.22818531824
2011-04-19,23704.41218353374,11376.371093409978,39331.94477566241,23704.41218353374,23704.41218353374,1358.4827730727536,1358.4827730727536,1358.4827730727536,1358.4827730727536,1358.4827730727536,1358.4827730727536,0.0,0.0,0.0,25062.89495660649
2011-04-20,23730.759343746442,10146.772075024479,37781.872124911344,23730.759343746442,23730.759343746442,137.97809642845505,137.97809642845505,137.97809642845505,137.97809642845505,137.97809642845505,137.97809642845505,0.0,0.0,0.0,23868.737440174897
2011-04-21,23757.10650395914,17327.588241416415,44840.64402054086,23757.10650395914,23757.10650395914,7126.896933912643,7126.896933912643,7126.896933912643,7126.896933912643,7126.896933912643,7126.896933912643,0.0,0.0,0.0,30884.003437871783
2011-04-26,23888.842305022652,9982.74833380445,39368.90726835979,23888.842305022652,23888.842305022652,1358.4827730167635,1358.4827730167635,1358.4827730167635,1358.4827730167635,1358.4827730167635,1358.4827730167635,0.0,0.0,0.0,25247.325078039416
2011-04-27,23915.18946523535,11192.13867800956,37803.71386753722,23915.18946523535,23915.18946523535,137.978096476946,137.978096476946,137.978096476946,137.978096476946,137.978096476946,137.978096476946,0.0,0.0,0.0,24053.167561712296
2011-04-28,23941.536625448054,17590.487689578364,44955.37641370692,23941.536625448054,23941.536625448054,7126.896933922583,7126.896933922583,7126.896933922583,7126.896933922583,7126.896933922583,7126.896933922583,0.0,0.0,0.0,31068.43355937064
2011-05-01,24020.578106086163,-3827.940894986208,23329.776136154123,24020.578106086163,24020.578106086163,-13219.430349463413,-13219.430349463413,-13219.430349463413,-13219.430349463413,-13219.430349463413,-13219.430349463413,0.0,0.0,0.0,10801.14775662275
2011-05-03,24073.27242651157,11614.15545555504,39355.10870621132,24073.27242651157,24073.27242651157,1358.48277303553,1358.48277303553,1358.48277303553,1358.48277303553,1358.48277303553,1358.48277303553,0.0,0.0,0.0,25431.7551995471
2011-05-04,24099.62507736064,10418.925657968339,37913.519644508815,24099.62507736064,24099.62507736064,137.9780964037985,137.9780964037985,137.9780964037985,137.9780964037985,137.9780964037985,137.9780964037985,0.0,0.0,0.0,24237.60317376444
2011-05-05,24125.977728209713,17056.761956963866,45256.60802565799,24125.977728209713,24125.977728209713,7126.896933932523,7126.896933932523,7126.896933932523,7126.896933932523,7126.896933932523,7126.896933932523,0.0,0.0,0.0,31252.874662142236
2011-05-06,24152.330379058785,5263.578420397567,33139.836309214545,24152.330379058785,24152.330379058785,-4304.061428075319,-4304.061428075319,-4304.061428075319,-4304.061428075319,-4304.061428075319,-4304.061428075319,0.0,0.0,0.0,19848.268950983467
2011-05-08,24205.03568075693,-2163.250269508759,24719.13230596335,24205.03568075693,24205.03568075693,-13219.43034948164,-13219.43034948164,-13219.43034948164,-13219.43034948164,-13219.43034948164,-13219.43034948164,0.0,0.0,0.0,10985.60533127529
2011-05-09,24231.388331606002,9463.582599470967,36178.90964925635,24231.388331606002,24231.388331606002,-1905.836838051631,-1905.836838051631,-1905.836838051631,-1905.836838051631,-1905.836838051631,-1905.836838051631,0.0,0.0,0.0,22325.551493554372
2011-05-10,24257.740982455074,11108.30035660316,39700.2984992729,24257.740982455074,24257.740982455074,1358.4827729924473,1358.4827729924473,1358.4827729924473,1358.4827729924473,1358.4827729924473,1358.4827729924473,0.0,0.0,0.0,25616.22375544752
2011-05-11,24284.09363330415,10791.796959467514,38623.45530354501,24284.09363330415,24284.09363330415,137.97809644623817,137.97809644623817,137.97809644623817,137.97809644623817,137.97809644623817,137.97809644623817,0.0,0.0,0.0,24422.071729750387
2011-05-12,24310.446284153222,18000.27360814534,46140.476273996894,24310.446284153222,24310.446284153222,7126.896933942464,7126.896933942464,7126.896933942464,7126.896933942464,7126.896933942464,7126.896933942464,0.0,0.0,0.0,31437.343218095688
2011-05-13,24336.798935002294,6195.159991578464,33975.66138806979,24336.798935002294,24336.798935002294,-4304.061428065172,-4304.061428065172,-4304.061428065172,-4304.061428065172,-4304.061428065172,-4304.061428065172,0.0,0.0,0.0,20032.737506937123
2011-05-15,24389.50428039173,-3464.595179271455,25610.686207491268,24389.50428039173,24389.50428039173,-13219.430349443823,-13219.430349443823,-13219.430349443823,-13219.430349443823,-13219.430349443823,-13219.430349443823,0.0,0.0,0.0,11170.073930947909
2011-05-16,24415.85695308645,8673.91081377791,35584.9178849811,24415.85695308645,24415.85695308645,-1905.836838058981,-1905.836838058981,-1905.836838058981,-1905.836838058981,-1905.836838058981,-1905.836838058981,0.0,0.0,0.0,22510.02011502747
2011-05-17,24442.20962578117,12250.36904056714,39106.33860160421,24442.20962578117,24442.20962578117,1358.4827730730635,1358.4827730730635,1358.4827730730635,1358.4827730730635,1358.4827730730635,1358.4827730730635,0.0,0.0,0.0,25800.692398854237
2011-05-18,24468.56229847589,10678.37643715989,37864.21925492694,24468.56229847589,24468.56229847589,137.9780964947298,137.9780964947298,137.9780964947298,137.9780964947298,137.9780964947298,137.9780964947298,0.0,0.0,0.0,24606.54039497062
2011-05-19,24494.91497117061,17034.4616667116,45919.56414215755,24494.91497117061,24494.91497117061,7126.896933950678,7126.896933950678,7126.896933950678,7126.896933950678,7126.896933950678,7126.896933950678,0.0,0.0,0.0,31621.811905121285
2011-05-20,24521.26764386533,5647.8710782685,33363.50229845426,24521.26764386533,24521.26764386533,-4304.06142806704,-4304.06142806704,-4304.06142806704,-4304.06142806704,-4304.06142806704,-4304.06142806704,0.0,0.0,0.0,20217.206215798287
2011-05-22,24573.972989254766,-3095.266131071208,24291.727963815905,24573.972989254766,24573.972989254766,-13219.430349475677,-13219.430349475677,-13219.430349475677,-13219.430349475677,-13219.430349475677,-13219.430349475677,0.0,0.0,0.0,11354.542639779089
2011-05-23,24600.325661949486,8791.940629609897,36675.14718492906,24600.325661949486,24600.325661949486,-1905.8368380797226,-1905.8368380797226,-1905.8368380797226,-1905.8368380797226,-1905.8368380797226,-1905.8368380797226,0.0,0.0,0.0,22694.488823869764
2011-05-24,24626.678334644206,12476.338416577983,39917.038320902895,24626.678334644206,24626.678334644206,1358.4827730170734,1358.4827730170734,1358.4827730170734,1358.4827730170734,1358.4827730170734,1358.4827730170734,0.0,0.0,0.0,25985.16110766128
2011-05-25,24653.03100733893,11293.927109670545,39311.106183086165,24653.03100733893,24653.03100733893,137.9780964793759,137.9780964793759,137.9780964793759,137.9780964793759,137.9780964793759,137.9780964793759,0.0,0.0,0.0,24791.009103818305
2011-05-26,24679.418668469727,18670.387893760704,46046.43993937698,24679.418668469727,24679.418668469727,7126.89693396062,7126.89693396062,7126.89693396062,7126.89693396062,7126.89693396062,7126.89693396062,0.0,0.0,0.0,31806.315602430346
2011-05-27,24705.806329600528,6609.854725538706,35551.11826591958,24705.806329600528,24705.806329600528,-4304.061428068909,-4304.061428068909,-4304.061428068909,-4304.061428068909,-4304.061428068909,-4304.061428068909,0.0,0.0,0.0,20401.74490153162
2011-05-29,24758.58165186212,-2294.726164471342,25385.02681185649,24758.58165186212,24758.58165186212,-13219.430349493903,-13219.430349493903,-13219.430349493903,-13219.430349493903,-13219.430349493903,-13219.430349493903,0.0,0.0,0.0,11539.151302368218
2011-05-31,24811.35697412372,12372.959830315098,39892.45929357211,24811.35697412372,24811.35697412372,1358.48277303584,1358.48277303584,1358.48277303584,1358.48277303584,1358.48277303584,1358.48277303584,0.0,0.0,0.0,26169.83974715956
2011-06-01,24837.744635254516,10972.29963689822,38084.08988996847,24837.744635254516,24837.744635254516,137.978096521817,137.978096521817,137.978096521817,137.978096521817,137.978096521817,137.978096521817,0.0,0.0,0.0,24975.72273177633
2011-06-02,24864.132296385316,18769.107243214326,45576.106353374766,24864.132296385316,24864.132296385316,7126.8969339282685,7126.8969339282685,7126.8969339282685,7126.8969339282685,7126.8969339282685,7126.8969339282685,0.0,0.0,0.0,31991.029230313587
2011-06-03,24890.519957516117,6503.019591173169,34200.29817156139,24890.519957516117,24890.519957516117,-4304.061428077173,-4304.061428077173,-4304.061428077173,-4304.061428077173,-4304.061428077173,-4304.061428077173,0.0,0.0,0.0,20586.458529438944
2011-06-05,24943.29527977771,-2104.9005448093026,25820.994423546887,24943.29527977771,24943.29527977771,-13219.43034944246,-13219.43034944246,-13219.43034944246,-13219.43034944246,-13219.43034944246,-13219.43034944246,0.0,0.0,0.0,11723.86493033525
2011-06-06,24969.68294090851,9370.855596773843,37400.73653627897,24969.68294090851,24969.68294090851,-1905.8368380407703,-1905.8368380407703,-1905.8368380407703,-1905.8368380407703,-1905.8368380407703,-1905.8368380407703,0.0,0.0,0.0,23063.84610286774
2011-06-07,24996.070602039305,12894.500791977613,40480.34631257709,24996.070602039305,24996.070602039305,1358.4827730546058,1358.4827730546058,1358.4827730546058,1358.4827730546058,1358.4827730546058,1358.4827730546058,0.0,0.0,0.0,26354.55337509391
2011-06-08,25022.479797035703,12163.637251793394,39883.12411997764,25022.479797035703,25022.479797035703,137.97809644866877,137.97809644866877,137.97809644866877,137.97809644866877,137.97809644866877,137.97809644866877,0.0,0.0,0.0,25160.45789348437
2011-06-09,25048.888992032098,17943.11239197203,46506.06368527046,25048.888992032098,25048.888992032098,7126.896933979638,7126.896933979638,7126.896933979638,7126.896933979638,7126.896933979638,7126.896933979638,0.0,0.0,0.0,32175.785926011737
2011-06-10,25075.29818702849,6414.658711738908,34033.20446032892,25075.29818702849,25075.29818702849,-4304.06142806063,-4304.06142806063,-4304.06142806063,-4304.06142806063,-4304.06142806063,-4304.06142806063,0.0,0.0,0.0,20771.23675896786
2011-06-12,25128.11657702128,-1887.972532951543,26207.55716138568,25128.11657702128,25128.11657702128,-13219.430349474314,-13219.430349474314,-13219.430349474314,-13219.430349474314,-13219.430349474314,-13219.430349474314,0.0,0.0,0.0,11908.686227546965
2011-06-13,25154.525772017674,9511.548154481521,37286.85210951214,25154.525772017674,25154.525772017674,-1905.8368379944682,-1905.8368379944682,-1905.8368379944682,-1905.8368379944682,-1905.8368379944682,-1905.8368379944682,0.0,0.0,0.0,23248.688934023205
2011-06-14,25180.93496701407,12653.89236302859,40954.711250125605,25180.93496701407,25180.93496701407,1358.4827730604661,1358.4827730604661,1358.4827730604661,1358.4827730604661,1358.4827730604661,1358.4827730604661,0.0,0.0,0.0,26539.417740074536
2011-06-15,25207.344162010464,11817.135318322607,38923.510923627335,25207.344162010464,25207.344162010464,137.97809644541744,137.97809644541744,137.97809644541744,137.97809644541744,137.97809644541744,137.97809644541744,0.0,0.0,0.0,25345.322258455883
2011-06-16,25233.75335700686,19048.384440620328,46349.49932124507,25233.75335700686,25233.75335700686,7126.896933947286,7126.896933947286,7126.896933947286,7126.896933947286,7126.896933947286,7126.896933947286,0.0,0.0,0.0,32360.650290954145
2011-06-17,25260.162552003254,6432.046045537221,34363.30825736706,25260.162552003254,25260.162552003254,-4304.0614280624995,-4304.0614280624995,-4304.0614280624995,-4304.0614280624995,-4304.0614280624995,-4304.0614280624995,0.0,0.0,0.0,20956.101123940753
2011-06-19,25312.980941996044,-1399.3270431721899,26963.824372154162,25312.980941996044,25312.980941996044,-13219.43034942287,-13219.43034942287,-13219.43034942287,-13219.43034942287,-13219.43034942287,-13219.43034942287,0.0,0.0,0.0,12093.550592573174
2011-06-20,25350.89664840537,10046.970025082797,37859.65185447071,25350.89664840537,25350.89664840537,-1905.8368380688644,-1905.8368380688644,-1905.8368380688644,-1905.8368380688644,-1905.8368380688644,-1905.8368380688644,0.0,0.0,0.0,23445.059810336505
2011-06-21,25388.812354814698,12936.227709047234,39771.009692262174,25388.812354814698,25388.812354814698,1358.4827730173834,1358.4827730173834,1358.4827730173834,1358.4827730173834,1358.4827730173834,1358.4827730173834,0.0,0.0,0.0,26747.29512783208
2011-06-22,25426.72806122402,11632.913221880108,40326.722905535236,25426.72806122402,25426.72806122402,137.9780964300642,137.9780964300642,137.9780964300642,137.9780964300642,137.9780964300642,137.9780964300642,0.0,0.0,0.0,25564.706157654084
2011-06-23,25464.643767633348,17849.29859245516,45889.47815402942,25464.643767633348,25464.643767633348,7126.896933914936,7126.896933914936,7126.896933914936,7126.896933914936,7126.896933914936,7126.896933914936,0.0,0.0,0.0,32591.540701548285
2011-06-24,25502.559474042675,5835.077723264293,35305.56512885576,25502.559474042675,25502.559474042675,-4304.061428045956,-4304.061428045956,-4304.061428045956,-4304.061428045956,-4304.061428045956,-4304.061428045956,0.0,0.0,0.0,21198.49804599672
2011-06-26,25578.390886861325,-1106.302060038413,25624.9267610554,25578.390886861325,25578.390886861325,-13219.430349454724,-13219.430349454724,-13219.430349454724,-13219.430349454724,-13219.430349454724,-13219.430349454724,0.0,0.0,0.0,12358.960537406601
2011-06-27,25616.306593270652,10728.52289680659,38271.313070659686,25616.306593270652,25616.306593270652,-1905.8368380225602,-1905.8368380225602,-1905.8368380225602,-1905.8368380225602,-1905.8368380225602,-1905.8368380225602,0.0,0.0,0.0,23710.469755248094
2011-06-28,25654.22229967998,12774.547603104293,40940.01434363685,25654.22229967998,25654.22229967998,1358.4827730361496,1358.4827730361496,1358.4827730361496,1358.4827730361496,1358.4827730361496,1358.4827730361496,0.0,0.0,0.0,27012.70507271613
2011-06-29,25692.138006089306,12390.032817902225,40100.01031305002,25692.138006089306,25692.138006089306,137.9780964725046,137.9780964725046,137.9780964725046,137.9780964725046,137.9780964725046,137.9780964725046,0.0,0.0,0.0,25830.11610256181
2011-06-30,25751.30530084138,19499.20325204679,47688.487947868714,25751.30530084138,25751.30530084138,7126.896933966306,7126.896933966306,7126.896933966306,7126.896933966306,7126.896933966306,7126.896933966306,0.0,0.0,0.0,32878.202234807686
2011-07-01,25810.472595593455,7327.584368903263,35427.18071818527,25810.472595593455,25810.472595593455,-4304.061428072632,-4304.061428072632,-4304.061428072632,-4304.061428072632,-4304.061428072632,-4304.061428072632,0.0,0.0,0.0,21506.411167520822
2011-07-03,25928.80718509761,-2067.4876966648953,25601.881785006313,25928.80718509761,25928.80718509761,-13219.430349451744,-13219.430349451744,-13219.430349451744,-13219.430349451744,-13219.430349451744,-13219.430349451744,0.0,0.0,0.0,12709.376835645864
2011-07-04,25987.974479849687,10668.28284406395,38356.40109311629,25987.974479849687,25987.974479849687,-1905.836837976257,-1905.836837976257,-1905.836837976257,-1905.836837976257,-1905.836837976257,-1905.836837976257,0.0,0.0,0.0,24082.13764187343
2011-07-05,26047.141774601765,13859.679381209124,41032.64590163908,26047.141774601765,26047.141774601765,1358.4827729930662,1358.4827729930662,1358.4827729930662,1358.4827729930662,1358.4827729930662,1358.4827729930662,0.0,0.0,0.0,27405.62454759483
2011-07-06,26106.309069353843,12771.316192970178,40164.246289171824,26106.309069353843,26106.309069353843,137.97809646320124,137.97809646320124,137.97809646320124,137.97809646320124,137.97809646320124,137.97809646320124,0.0,0.0,0.0,26244.287165817044
2011-07-07,26165.476364105914,19325.815793605336,46388.24661690425,26165.476364105914,26165.476364105914,7126.896933933955,7126.896933933955,7126.896933933955,7126.896933933955,7126.896933933955,7126.896933933955,0.0,0.0,0.0,33292.37329803987
2011-07-08,26224.643658857993,8132.433883064187,35608.92667974783,26224.643658857993,26224.643658857993,-4304.0614280560885,-4304.0614280560885,-4304.0614280560885,-4304.0614280560885,-4304.0614280560885,-4304.0614280560885,0.0,0.0,0.0,21920.582230801905
2011-07-10,26342.978248362142,50.84288662098821,26675.215506918164,26342.978248362142,26342.978248362142,-13219.430349483599,-13219.430349483599,-13219.430349483599,-13219.430349483599,-13219.430349483599,-13219.430349483599,0.0,0.0,0.0,13123.547898878543
2011-07-11,26402.145543114217,10771.367883714483,38213.06898867225,26402.145543114217,26402.145543114217,-1905.836838050654,-1905.836838050654,-1905.836838050654,-1905.836838050654,-1905.836838050654,-1905.836838050654,0.0,0.0,0.0,24496.308705063562
2011-07-12,26487.329400577597,13318.029482375156,42222.69092371088,26487.329400577597,26487.329400577597,1358.4827730607751,1358.4827730607751,1358.4827730607751,1358.4827730607751,1358.4827730607751,1358.4827730607751,0.0,0.0,0.0,27845.812173638373
2011-07-13,26572.513258040974,12729.53896353275,40300.259718590045,26572.513258040974,26572.513258040974,137.97809644784803,137.97809644784803,137.97809644784803,137.97809644784803,137.97809644784803,137.97809644784803,0.0,0.0,0.0,26710.491354488822
2011-07-14,26657.697115504343,18844.21624694628,47361.31074475424,26657.697115504343,26657.697115504343,7126.8969339438945,7126.8969339438945,7126.8969339438945,7126.8969339438945,7126.8969339438945,7126.8969339438945,0.0,0.0,0.0,33784.594049448235
2011-07-15,26742.880972967716,9113.03683309167,36613.68457214348,26742.880972967716,26742.880972967716,-4304.061428039545,-4304.061428039545,-4304.061428039545,-4304.061428039545,-4304.061428039545,-4304.061428039545,0.0,0.0,0.0,22438.81954492817
2011-07-17,26913.248687894462,-1297.3151129354885,26756.517097808275,26913.248687894462,26913.248687894462,-13219.430349466988,-13219.430349466988,-13219.430349466988,-13219.430349466988,-13219.430349466988,-13219.430349466988,0.0,0.0,0.0,13693.818338427474
2011-07-18,26998.432545357842,11190.694441963737,39862.29239394304,26998.432545357842,26998.432545357842,-1905.8368380043491,-1905.8368380043491,-1905.8368380043491,-1905.8368380043491,-1905.8368380043491,-1905.8368380043491,0.0,0.0,0.0,25092.595707353492
2011-07-19,27083.61640282121,13887.217224923816,42464.97375959233,27083.61640282121,27083.61640282121,1358.4827730666348,1358.4827730666348,1358.4827730666348,1358.4827730666348,1358.4827730666348,1358.4827730666348,0.0,0.0,0.0,28442.099175887844
2011-07-20,27168.800260284585,13358.538172019782,42712.59397085185,27168.800260284585,27168.800260284585,137.97809643249414,137.97809643249414,137.97809643249414,137.97809643249414,137.97809643249414,137.97809643249414,0.0,0.0,0.0,27306.778356717077
2011-07-21,27253.98411774796,20798.18400431995,48422.047962834724,27253.98411774796,27253.98411774796,7126.896933911545,7126.896933911545,7126.896933911545,7126.896933911545,7126.896933911545,7126.896933911545,0.0,0.0,0.0,34380.881051659504
2011-07-22,27339.167975211338,9211.41714090679,37002.89089964563,27339.167975211338,27339.167975211338,-4304.061428066223,-4304.061428066223,-4304.061428066223,-4304.061428066223,-4304.061428066223,-4304.061428066223,0.0,0.0,0.0,23035.106547145115
2011-07-24,27555.25783491054,672.4924393556594,27811.65316874488,27555.25783491054,27555.25783491054,-13219.430349464008,-13219.430349464008,-13219.430349464008,-13219.430349464008,-13219.430349464008,-13219.430349464008,0.0,0.0,0.0,14335.82748544653
2011-07-25,27663.30276476014,12751.895291687737,40053.53682034277,27663.30276476014,27663.30276476014,-1905.836838011701,-1905.836838011701,-1905.836838011701,-1905.836838011701,-1905.836838011701,-1905.836838011701,0.0,0.0,0.0,25757.46592674844
2011-07-26,27771.347694609747,15274.980571637452,42868.80358959228,27771.347694609747,27771.347694609747,1358.4827730854017,1358.4827730854017,1358.4827730854017,1358.4827730854017,1358.4827730854017,1358.4827730854017,0.0,0.0,0.0,29129.83046769515
2011-07-27,27879.392624459353,14451.213992350911,42195.29482929553,27879.392624459353,27879.392624459353,137.97809648098578,137.97809648098578,137.97809648098578,137.97809648098578,137.97809648098578,137.97809648098578,0.0,0.0,0.0,28017.37072094034
2011-07-28,27987.437554308955,21149.095514045322,48533.579306294705,27987.437554308955,27987.437554308955,7126.896933920621,7126.896933920621,7126.896933920621,7126.896933920621,7126.896933920621,7126.896933920621,0.0,0.0,0.0,35114.33448822958
2011-07-29,28095.482484158558,10531.584250061687,37345.39751513951,28095.482484158558,28095.482484158558,-4304.061428056075,-4304.061428056075,-4304.061428056075,-4304.061428056075,-4304.061428056075,-4304.061428056075,0.0,0.0,0.0,23791.42105610248
2011-07-31,28311.572343857766,1248.6132333537619,28408.460780595608,28311.572343857766,28311.572343857766,-13219.430349461027,-13219.430349461027,-13219.430349461027,-13219.430349461027,-13219.430349461027,-13219.430349461027,0.0,0.0,0.0,15092.14199439674
2011-08-01,28419.617273707365,13357.90728984363,38876.38379884267,28419.617273707365,28419.617273707365,-1905.8368379653982,-1905.8368379653982,-1905.8368379653982,-1905.8368379653982,-1905.8368379653982,-1905.8368379653982,0.0,0.0,0.0,26513.780435741966
2011-08-02,28527.662203556974,16148.731185902416,43358.02680546422,28527.662203556974,28527.662203556974,1358.4827730294119,1358.4827730294119,1358.4827730294119,1358.4827730294119,1358.4827730294119,1358.4827730294119,0.0,0.0,0.0,29886.144976586387
2011-08-03,28652.22203325187,14994.032774571468,43952.862387414054,28652.22203325187,28652.22203325187,137.97809640783828,137.97809640783828,137.97809640783828,137.97809640783828,137.97809640783828,137.97809640783828,0.0,0.0,0.0,28790.20012965971
2011-08-04,28776.78186294677,21528.12137194943,50243.45668395358,28776.78186294677,28776.78186294677,7126.896933930562,7126.896933930562,7126.896933930562,7126.896933930562,7126.896933930562,7126.896933930562,0.0,0.0,0.0,35903.67879687733
2011-08-05,28901.34169264167,10514.473609926243,37916.24104482955,28901.34169264167,28901.34169264167,-4304.061428076356,-4304.061428076356,-4304.061428076356,-4304.061428076356,-4304.061428076356,-4304.061428076356,0.0,0.0,0.0,24597.280264565314
2011-08-07,29150.461352031467,2423.89898472153,28574.402537325925,29150.461352031467,29150.461352031467,-13219.43034947925,-13219.43034947925,-13219.43034947925,-13219.43034947925,-13219.43034947925,-13219.43034947925,0.0,0.0,0.0,15931.031002552218
2011-08-08,29275.021181726366,13797.182752807306,41192.851585716475,29275.021181726366,29275.021181726366,-1905.8368379861397,-1905.8368379861397,-1905.8368379861397,-1905.8368379861397,-1905.8368379861397,-1905.8368379861397,0.0,0.0,0.0,27369.184343740228
2011-08-09,29399.581011421265,16128.118021264661,43665.70638355153,29399.581011421265,29399.581011421265,1358.4827729863293,1358.4827729863293,1358.4827729863293,1358.4827729863293,1358.4827729863293,1358.4827729863293,0.0,0.0,0.0,30758.063784407594
2011-08-10,29524.14084111616,15415.671514807578,43895.23065930388,29524.14084111616,29524.14084111616,137.97809645027795,137.97809645027795,137.97809645027795,137.97809645027795,137.97809645027795,137.97809645027795,0.0,0.0,0.0,29662.11893756644
2011-08-11,29648.700670811064,22764.315406542184,50355.978594176995,29648.700670811064,29648.700670811064,7126.896933940503,7126.896933940503,7126.896933940503,7126.896933940503,7126.896933940503,7126.896933940503,0.0,0.0,0.0,36775.597604751565
2011-08-12,29773.26050050596,11193.886280638933,38619.98092816462,29773.26050050596,29773.26050050596,-4304.0614280662085,-4304.0614280662085,-4304.0614280662085,-4304.0614280662085,-4304.0614280662085,-4304.0614280662085,0.0,0.0,0.0,25469.19907243975
2011-08-14,30022.380159895758,3313.0942059749946,30636.802869870873,30022.380159895758,30022.380159895758,-13219.430349441436,-13219.430349441436,-13219.430349441436,-13219.430349441436,-13219.430349441436,-13219.430349441436,0.0,0.0,0.0,16802.949810454324
2011-08-15,30154.888025452958,14892.831741385644,41557.395696848835,30154.888025452958,30154.888025452958,-1905.836838060536,-1905.836838060536,-1905.836838060536,-1905.836838060536,-1905.836838060536,-1905.836838060536,0.0,0.0,0.0,28249.051187392422
2011-08-16,30287.39589101016,17276.6967946348,45740.22691104815,30287.39589101016,30287.39589101016,1358.4827730669454,1358.4827730669454,1358.4827730669454,1358.4827730669454,1358.4827730669454,1358.4827730669454,0.0,0.0,0.0,31645.878664077107
2011-08-17,30419.903756567368,16743.049026467466,44226.12863526634,30419.903756567368,30419.903756567368,137.97809643492545,137.97809643492545,137.97809643492545,137.97809643492545,137.97809643492545,137.97809643492545,0.0,0.0,0.0,30557.881853002295
2011-08-18,30552.411622124568,22946.03717250598,51184.461051613514,30552.411622124568,30552.411622124568,7126.896933907289,7126.896933907289,7126.896933907289,7126.896933907289,7126.896933907289,7126.896933907289,0.0,0.0,0.0,37679.30855603186
2011-08-19,30684.919487681775,12517.85556105041,41133.8901039952,30684.919487681775,30684.919487681775,-4304.061428068077,-4304.061428068077,-4304.061428068077,-4304.061428068077,-4304.061428068077,-4304.061428068077,0.0,0.0,0.0,26380.858059613696
2011-08-21,30949.93521879618,3192.6858425013957,30991.251986144383,30949.93521879618,30949.93521879618,-13219.43034947329,-13219.43034947329,-13219.43034947329,-13219.43034947329,-13219.43034947329,-13219.43034947329,0.0,0.0,0.0,17730.50486932289
2011-08-22,31082.44308435339,15275.643376236654,43455.64429720041,31082.44308435339,31082.44308435339,-1905.8368380678883,-1905.8368380678883,-1905.8368380678883,-1905.8368380678883,-1905.8368380678883,-1905.8368380678883,0.0,0.0,0.0,29176.6062462855
2011-08-23,31214.950949910588,19239.05538859917,47268.62710433368,31214.950949910588,31214.950949910588,1358.482773010955,1358.482773010955,1358.482773010955,1358.482773010955,1358.482773010955,1358.482773010955,0.0,0.0,0.0,32573.43372292154
2011-08-24,31347.458815467795,16234.270102654746,45407.5591488777,31347.458815467795,31347.458815467795,137.97809648341638,137.97809648341638,137.97809648341638,137.97809648341638,137.97809648341638,137.97809648341638,0.0,0.0,0.0,31485.436911951212
2011-08-25,31479.966681025,24483.876056022164,51717.98556012386,31479.966681025,31479.966681025,7126.896933959522,7126.896933959522,7126.896933959522,7126.896933959522,7126.896933959522,7126.896933959522,0.0,0.0,0.0,38606.86361498452
2011-08-26,31612.616041884194,13601.202474679243,40376.253227265326,31612.616041884194,31612.616041884194,-4304.061428069946,-4304.061428069946,-4304.061428069946,-4304.061428069946,-4304.061428069946,-4304.061428069946,0.0,0.0,0.0,27308.55461381425
2011-08-28,31877.914763602577,4977.8184209745405,32622.697888473016,31877.914763602577,31877.914763602577,-13219.430349470307,-13219.430349470307,-13219.430349470307,-13219.430349470307,-13219.430349470307,-13219.430349470307,0.0,0.0,0.0,18658.48441413227
2011-08-30,32143.213485320965,19884.001762576434,47612.70998713909,32143.213485320965,32143.213485320965,1358.4827730297216,1358.4827730297216,1358.4827730297216,1358.4827730297216,1358.4827730297216,1358.4827730297216,0.0,0.0,0.0,33501.69625835068
2011-08-31,32275.86284618016,18293.62638750219,46226.36417609991,32275.86284618016,32275.86284618016,137.97809652585678,137.97809652585678,137.97809652585678,137.97809652585678,137.97809652585678,137.97809652585678,0.0,0.0,0.0,32413.840942706018
2011-09-01,32408.512207039355,25650.133405732973,53385.90043674834,32408.512207039355,32408.512207039355,7126.896933926308,7126.896933926308,7126.896933926308,7126.896933926308,7126.896933926308,7126.896933926308,0.0,0.0,0.0,39535.40914096566
2011-09-02,32541.16156789855,13630.856306510423,42475.351289312945,32541.16156789855,32541.16156789855,-4304.061428071815,-4304.061428071815,-4304.061428071815,-4304.061428071815,-4304.061428071815,-4304.061428071815,0.0,0.0,0.0,28237.100139826736
2011-09-04,32806.46028961694,5978.401414590289,33659.09544870118,32806.46028961694,32806.46028961694,-13219.430349488537,-13219.430349488537,-13219.430349488537,-13219.430349488537,-13219.430349488537,-13219.430349488537,0.0,0.0,0.0,19587.0299401284
2011-09-05,32939.10965047614,17902.851761650385,45863.2170671767,32939.10965047614,32939.10965047614,-1905.8368380423249,-1905.8368380423249,-1905.8368380423249,-1905.8368380423249,-1905.8368380423249,-1905.8368380423249,0.0,0.0,0.0,31033.272812433814
2011-09-06,33071.75901133533,19742.977853139284,48785.06233547803,33071.75901133533,33071.75901133533,1358.4827730484883,1358.4827730484883,1358.4827730484883,1358.4827730484883,1358.4827730484883,1358.4827730484883,0.0,0.0,0.0,34430.24178438382
2011-09-07,33204.40837219452,19748.62071603103,48097.911443950245,33204.40837219452,33204.40837219452,137.97809645270854,137.97809645270854,137.97809645270854,137.97809645270854,137.97809645270854,137.97809645270854,0.0,0.0,0.0,33342.38646864723
2011-09-08,33337.05776229647,26681.50782468689,53502.4071848228,33337.05776229647,33337.05776229647,7126.896933977677,7126.896933977677,7126.896933977677,7126.896933977677,7126.896933977677,7126.896933977677,0.0,0.0,0.0,40463.954696274144
2011-09-09,33469.70715239842,14855.488954279843,42601.23717133122,33469.70715239842,33469.70715239842,-4304.061428061666,-4304.061428061666,-4304.061428061666,-4304.061428061666,-4304.061428061666,-4304.061428061666,0.0,0.0,0.0,29165.645724336755
2011-09-11,33735.005932602326,6204.495736476869,34549.17144821547,33735.005932602326,33735.005932602326,-13219.430349437094,-13219.430349437094,-13219.430349437094,-13219.430349437094,-13219.430349437094,-13219.430349437094,0.0,0.0,0.0,20515.57558316523
2011-09-12,33867.65532270428,18888.14121545908,46151.10571258114,33867.65532270428,33867.65532270428,-1905.8368379960225,-1905.8368379960225,-1905.8368379960225,-1905.8368379960225,-1905.8368379960225,-1905.8368379960225,0.0,0.0,0.0,31961.81848470826
2011-09-13,34000.30471280623,21988.26370023375,49583.72069226235,34000.30471280623,34000.30471280623,1358.4827730672548,1358.4827730672548,1358.4827730672548,1358.4827730672548,1358.4827730672548,1358.4827730672548,0.0,0.0,0.0,35358.78748587349
2011-09-14,34132.95410290819,20926.91060478551,47682.492429557926,34132.95410290819,34132.95410290819,137.9780965012002,137.9780965012002,137.9780965012002,137.9780965012002,137.9780965012002,137.9780965012002,0.0,0.0,0.0,34270.93219940939
2011-09-15,34265.60349301014,27111.36406745381,55241.6436869508,34265.60349301014,34265.60349301014,7126.896933945326,7126.896933945326,7126.896933945326,7126.896933945326,7126.896933945326,7126.896933945326,0.0,0.0,0.0,41392.50042695546
2011-09-16,34398.25288311209,15940.801950154948,43005.169454882474,34398.25288311209,34398.25288311209,-4304.061428063535,-4304.061428063535,-4304.061428063535,-4304.061428063535,-4304.061428063535,-4304.061428063535,0.0,0.0,0.0,30094.191455048553
2011-09-18,34663.55166331599,6862.959973854058,35096.11107748858,34663.55166331599,34663.55166331599,-13219.430349434113,-13219.430349434113,-13219.430349434113,-13219.430349434113,-13219.430349434113,-13219.430349434113,0.0,0.0,0.0,21444.12131388188
2011-09-19,34796.201053428194,19458.88421515014,47476.8072351984,34796.201053428194,34796.201053428194,-1905.8368380704185,-1905.8368380704185,-1905.8368380704185,-1905.8368380704185,-1905.8368380704185,-1905.8368380704185,0.0,0.0,0.0,32890.364215357775
2011-09-20,34928.85044354039,22402.68520492762,50373.99592505719,34928.85044354039,34928.85044354039,1358.4827730112643,1358.4827730112643,1358.4827730112643,1358.4827730112643,1358.4827730112643,1358.4827730112643,0.0,0.0,0.0,36287.333216551655
2011-09-21,35061.4998336526,21238.244971653727,49091.042552971485,35061.4998336526,35061.4998336526,137.97809648584632,137.97809648584632,137.97809648584632,137.97809648584632,137.97809648584632,137.97809648584632,0.0,0.0,0.0,35199.47793013844
2011-09-22,35194.1492237648,28157.5216519854,56622.32981704466,35194.1492237648,35194.1492237648,7126.896933955266,7126.896933955266,7126.896933955266,7126.896933955266,7126.896933955266,7126.896933955266,0.0,0.0,0.0,42321.04615772006
2011-09-23,35326.798613877,16824.690145557932,45212.62690361277,35326.798613877,35326.798613877,-4304.061428046991,-4304.061428046991,-4304.061428046991,-4304.061428046991,-4304.061428046991,-4304.061428046991,0.0,0.0,0.0,31022.73718583001
2011-09-25,35592.09739410141,8890.719649119179,36421.95567776813,35592.09739410141,35592.09739410141,-13219.430349417504,-13219.430349417504,-13219.430349417504,-13219.430349417504,-13219.430349417504,-13219.430349417504,0.0,0.0,0.0,22372.667044683905
2011-09-26,35724.7467842136,20181.214062644598,47502.26339258988,35724.7467842136,35724.7467842136,-1905.8368380241147,-1905.8368380241147,-1905.8368380241147,-1905.8368380241147,-1905.8368380241147,-1905.8368380241147,0.0,0.0,0.0,33818.90994618949
2011-09-27,35857.39617432581,22807.742913590624,50864.557649753915,35857.39617432581,35857.39617432581,1358.4827730300308,1358.4827730300308,1358.4827730300308,1358.4827730300308,1358.4827730300308,1358.4827730300308,0.0,0.0,0.0,37215.87894735584
2011-09-28,35990.04556443801,23343.186937857114,51064.96725246218,35990.04556443801,35990.04556443801,137.97809647654367,137.97809647654367,137.97809647654367,137.97809647654367,137.97809647654367,137.97809647654367,0.0,0.0,0.0,36128.02366091456
2011-09-29,36122.694954550214,29164.79976271775,57151.07158569411,36122.694954550214,36122.694954550214,7126.896933965208,7126.896933965208,7126.896933965208,7126.896933965208,7126.896933965208,7126.896933965208,0.0,0.0,0.0,43249.591888515424
2011-09-30,36255.344360028,17357.119970697364,45885.29968423274,36255.344360028,36255.344360028,-4304.061428073668,-4304.061428073668,-4304.061428073668,-4304.061428073668,-4304.061428073668,-4304.061428073668,0.0,0.0,0.0,31951.28293195433
2011-10-02,36520.64317098356,8849.436502835937,36257.874719830426,36520.64317098356,36520.64317098356,-13219.430349449356,-13219.430349449356,-13219.430349449356,-13219.430349449356,-13219.430349449356,-13219.430349449356,0.0,0.0,0.0,23301.2128215342
2011-10-03,36653.29257646134,19998.83597105309,48826.73682385463,36653.29257646134,36653.29257646134,-1905.8368380314662,-1905.8368380314662,-1905.8368380314662,-1905.8368380314662,-1905.8368380314662,-1905.8368380314662,0.0,0.0,0.0,34747.455738429875
2011-10-04,36785.94198193912,24576.059485691825,51696.85527089573,36785.94198193912,36785.94198193912,1358.4827729869485,1358.4827729869485,1358.4827729869485,1358.4827729869485,1358.4827729869485,1358.4827729869485,0.0,0.0,0.0,38144.42475492607
2011-10-05,36918.5913874169,24425.795713736567,50724.38670258678,36918.5913874169,36918.5913874169,137.97809646724176,137.97809646724176,137.97809646724176,137.97809646724176,137.97809646724176,137.97809646724176,0.0,0.0,0.0,37056.56948388414
2011-10-06,37051.240792894685,30095.17083321813,58663.229867361435,37051.240792894685,37051.240792894685,7126.896933974284,7126.896933974284,7126.896933974284,7126.896933974284,7126.896933974284,7126.896933974284,0.0,0.0,0.0,44178.13772686897
2011-10-07,37183.89019837247,18660.566101178538,46648.244339633384,37183.89019837247,37183.89019837247,-4304.061428057125,-4304.061428057125,-4304.061428057125,-4304.061428057125,-4304.061428057125,-4304.061428057125,0.0,0.0,0.0,32879.82877031535
2011-10-09,37449.18900932803,11155.751764021901,37933.75017097961,37449.18900932803,37449.18900932803,-13219.430349481208,-13219.430349481208,-13219.430349481208,-13219.430349481208,-13219.430349481208,-13219.430349481208,0.0,0.0,0.0,24229.758659846822
2011-10-10,37581.83841480581,22297.250463644836,49213.727249372365,37581.83841480581,37581.83841480581,-1905.836838038818,-1905.836838038818,-1905.836838038818,-1905.836838038818,-1905.836838038818,-1905.836838038818,0.0,0.0,0.0,35676.00157676699
2011-10-11,37714.48782028359,24600.205077000774,52779.48135548848,37714.48782028359,37714.48782028359,1358.4827730546576,1358.4827730546576,1358.4827730546576,1358.4827730546576,1358.4827730546576,1358.4827730546576,0.0,0.0,0.0,39072.97059333825
2011-10-12,37847.13722576138,24453.228792795457,52300.79560698232,37847.13722576138,37847.13722576138,137.9780964518871,137.9780964518871,137.9780964518871,137.9780964518871,137.9780964518871,137.9780964518871,0.0,0.0,0.0,37985.11532221326
2011-10-13,37979.78663123916,31148.147032223525,59270.56961391043,37979.78663123916,37979.78663123916,7126.896933941933,7126.896933941933,7126.896933941933,7126.896933941933,7126.896933941933,7126.896933941933,0.0,0.0,0.0,45106.6835651811
2011-10-14,38112.43603671694,19933.86734434351,46926.506144330226,38112.43603671694,38112.43603671694,-4304.061428058993,-4304.061428058993,-4304.061428058993,-4304.061428058993,-4304.061428058993,-4304.061428058993,0.0,0.0,0.0,33808.37460865795
2011-10-16,38377.7348476725,11729.574542447548,39310.82972264133,38377.7348476725,38377.7348476725,-13219.430349464601,-13219.430349464601,-13219.430349464601,-13219.430349464601,-13219.430349464601,-13219.430349464601,0.0,0.0,0.0,25158.3044982079
2011-10-17,38510.38425315028,22333.798396007263,50939.90189007632,38510.38425315028,38510.38425315028,-1905.8368380595596,-1905.8368380595596,-1905.8368380595596,-1905.8368380595596,-1905.8368380595596,-1905.8368380595596,0.0,0.0,0.0,36604.547415090725
2011-10-18,38643.03365862806,26515.05991828149,53361.955846764424,38643.03365862806,38643.03365862806,1358.4827730115744,1358.4827730115744,1358.4827730115744,1358.4827730115744,1358.4827730115744,1358.4827730115744,0.0,0.0,0.0,40001.51643163963
2011-10-19,38775.68306410585,26015.680364210257,52474.22673606998,38775.68306410585,38775.68306410585,137.97809643653363,137.97809643653363,137.97809643653363,137.97809643653363,137.97809643653363,137.97809643653363,0.0,0.0,0.0,38913.66116054238
2011-10-20,38908.332469583635,31347.773926875685,60651.63144721014,38908.332469583635,38908.332469583635,7126.896933909583,7126.896933909583,7126.896933909583,7126.896933909583,7126.896933909583,7126.896933909583,0.0,0.0,0.0,46035.22940349322
2011-10-21,39040.981875061414,20703.38383971252,48278.65069279033,39040.981875061414,39040.981875061414,-4304.061428060862,-4304.061428060862,-4304.061428060862,-4304.061428060862,-4304.061428060862,-4304.061428060862,0.0,0.0,0.0,34736.92044700055
2011-10-23,39306.28068601697,12115.337924432577,39136.48891430963,39306.28068601697,39306.28068601697,-13219.430349461622,-13219.430349461622,-13219.430349461622,-13219.430349461622,-13219.430349461622,-13219.430349461622,0.0,0.0,0.0,26086.85033655535
2011-10-24,39438.93009149475,23541.573794782213,51314.16817776048,39438.93009149475,39438.93009149475,-1905.8368380132572,-1905.8368380132572,-1905.8368380132572,-1905.8368380132572,-1905.8368380132572,-1905.8368380132572,0.0,0.0,0.0,37533.09325348149
2011-10-25,39571.57949697254,27567.0748317367,54382.83392776479,39571.57949697254,39571.57949697254,1358.4827730792842,1358.4827730792842,1358.4827730792842,1358.4827730792842,1358.4827730792842,1358.4827730792842,0.0,0.0,0.0,40930.06227005182
2011-10-26,39704.228902450326,26129.80657295943,53077.43724991192,39704.228902450326,39704.228902450326,137.9780964789743,137.9780964789743,137.9780964789743,137.9780964789743,137.9780964789743,137.9780964789743,0.0,0.0,0.0,39842.2069989293
2011-10-27,39836.878307928106,33381.00560752427,62064.2199251989,39836.878307928106,39836.878307928106,7126.8969339186615,7126.8969339186615,7126.8969339186615,7126.8969339186615,7126.8969339186615,7126.8969339186615,0.0,0.0,0.0,46963.775241846764
2011-10-28,39969.527713405885,21942.321385618918,49628.29843143406,39969.527713405885,39969.527713405885,-4304.061428069127,-4304.061428069127,-4304.061428069127,-4304.061428069127,-4304.061428069127,-4304.061428069127,0.0,0.0,0.0,35665.466285336755
2011-10-30,40234.826524361444,13368.572921168103,40823.00061785532,40234.826524361444,40234.826524361444,-13219.430349458642,-13219.430349458642,-13219.430349458642,-13219.430349458642,-13219.430349458642,-13219.430349458642,0.0,0.0,0.0,27015.396174902802
2011-10-31,40367.47592983923,24528.972429651767,51782.14836217215,40367.47592983923,40367.47592983923,-1905.8368379669528,-1905.8368379669528,-1905.8368379669528,-1905.8368379669528,-1905.8368379669528,-1905.8368379669528,0.0,0.0,0.0,38461.639091872275
2011-11-01,40500.12533531701,27499.515981398763,55079.13119505429,40500.12533531701,40500.12533531701,1358.4827730232948,1358.4827730232948,1358.4827730232948,1358.4827730232948,1358.4827730232948,1358.4827730232948,0.0,0.0,0.0,41858.608108340304
2011-11-02,40632.7747407948,27237.314739324956,55157.03967212933,40632.7747407948,40632.7747407948,137.97809641187754,137.97809641187754,137.97809641187754,137.97809641187754,137.97809641187754,137.97809641187754,0.0,0.0,0.0,40770.75283720667
2011-11-03,40765.42414627258,33961.300641012516,61961.41623510823,40765.42414627258,40765.42414627258,7126.896933928601,7126.896933928601,7126.896933928601,7126.896933928601,7126.896933928601,7126.896933928601,0.0,0.0,0.0,47892.321080201174
2011-11-04,40898.073551750356,22265.195042691357,49589.06709802101,40898.073551750356,40898.073551750356,-4304.061428052583,-4304.061428052583,-4304.061428052583,-4304.061428052583,-4304.061428052583,-4304.061428052583,0.0,0.0,0.0,36594.01212369777
2011-11-06,41163.37236270592,13484.503118346105,42039.85829602636,41163.37236270592,41163.37236270592,-13219.430349490496,-13219.430349490496,-13219.430349490496,-13219.430349490496,-13219.430349490496,-13219.430349490496,0.0,0.0,0.0,27943.942013215426
2011-11-07,41296.0217681837,25209.79905495822,53226.107219223675,41296.0217681837,41296.0217681837,-1905.836837987695,-1905.836837987695,-1905.836837987695,-1905.836837987695,-1905.836837987695,-1905.836837987695,0.0,0.0,0.0,39390.18493019601
2011-11-08,41428.67117366148,28468.482415955135,56389.73634244805,41428.67117366148,41428.67117366148,1358.4827730420595,1358.4827730420595,1358.4827730420595,1358.4827730420595,1358.4827730420595,1358.4827730420595,0.0,0.0,0.0,42787.15394670354
2011-11-09,41561.32057913926,28506.72781759398,55971.91341523799,41561.32057913926,41561.32057913926,137.9780964543182,137.9780964543182,137.9780964543182,137.9780964543182,137.9780964543182,137.9780964543182,0.0,0.0,0.0,41699.29867559358
2011-11-10,41693.96998461704,35227.30297148107,62670.15705730928,41693.96998461704,41693.96998461704,7126.896933938542,7126.896933938542,7126.896933938542,7126.896933938542,7126.896933938542,7126.896933938542,0.0,0.0,0.0,48820.866918555585
2011-11-11,41826.61939009482,22927.800105450657,51570.748283460955,41826.61939009482,41826.61939009482,-4304.061428079261,-4304.061428079261,-4304.061428079261,-4304.061428079261,-4304.061428079261,-4304.061428079261,0.0,0.0,0.0,37522.55796201556
2011-11-13,42091.918201050394,14329.556564261557,43086.38799950672,42091.918201050394,42091.918201050394,-13219.430349439051,-13219.430349439051,-13219.430349439051,-13219.430349439051,-13219.430349439051,-13219.430349439051,0.0,0.0,0.0,28872.487851611342
2011-11-14,42224.56760652817,25670.429465874364,53796.55664130575,42224.56760652817,42224.56760652817,-1905.8368379950446,-1905.8368379950446,-1905.8368379950446,-1905.8368379950446,-1905.8368379950446,-1905.8368379950446,0.0,0.0,0.0,40318.730768533125
2011-11-15,42357.21701200595,30463.765261743563,56531.62593831338,42357.21701200595,42357.21701200595,1358.4827730608258,1358.4827730608258,1358.4827730608258,1358.4827730608258,1358.4827730608258,1358.4827730608258,0.0,0.0,0.0,43715.699785066776
2011-11-16,42489.86641748373,28445.994385096525,55434.93318160492,42489.86641748373,42489.86641748373,137.97809643896525,137.97809643896525,137.97809643896525,137.97809643896525,137.97809643896525,137.97809643896525,0.0,0.0,0.0,42627.8445139227
2011-11-17,42622.51582296151,35471.18819934169,63206.04955983583,42622.51582296151,42622.51582296151,7126.896933906191,7126.896933906191,7126.896933906191,7126.896933906191,7126.896933906191,7126.896933906191,0.0,0.0,0.0,49749.41275686771
2011-11-18,42755.1652284393,25171.016040285635,52200.086959300024,42755.1652284393,42755.1652284393,-4304.0614280691125,-4304.0614280691125,-4304.0614280691125,-4304.0614280691125,-4304.0614280691125,-4304.0614280691125,0.0,0.0,0.0,38451.10380037018
2011-11-20,43020.464039394865,15544.809215199544,43300.90565613784,43020.464039394865,43020.464039394865,-13219.430349470904,-13219.430349470904,-13219.430349470904,-13219.430349470904,-13219.430349470904,-13219.430349470904,0.0,0.0,0.0,29801.033689923963
2011-11-21,43153.113444872644,27267.55960814642,54451.09532411436,43153.113444872644,43153.113444872644,-1905.8368380023971,-1905.8368380023971,-1905.8368380023971,-1905.8368380023971,-1905.8368380023971,-1905.8368380023971,0.0,0.0,0.0,41247.27660687025
2011-11-22,43285.762850350424,30907.18285399391,58429.0949838951,43285.762850350424,43285.762850350424,1358.482773079594,1358.482773079594,1358.482773079594,1358.482773079594,1358.482773079594,1358.482773079594,0.0,0.0,0.0,44644.24562343002
2011-11-23,43418.4122558282,29515.76380857856,56961.77111645529,43418.4122558282,43418.4122558282,137.97809648745542,137.97809648745542,137.97809648745542,137.97809648745542,137.97809648745542,137.97809648745542,0.0,0.0,0.0,43556.39035231566
2011-11-24,43551.06166130599,37766.59989806052,64844.40532466203,43551.06166130599,43551.06166130599,7126.896933957561,7126.896933957561,7126.896933957561,7126.896933957561,7126.896933957561,7126.896933957561,0.0,0.0,0.0,50677.95859526355
2011-11-25,43683.71106678377,24419.45644013957,53268.262094193546,43683.71106678377,43683.71106678377,-4304.061428089394,-4304.061428089394,-4304.061428089394,-4304.061428089394,-4304.061428089394,-4304.061428089394,0.0,0.0,0.0,39379.649638694376
2011-11-27,43949.009877739336,16846.837142061497,44697.06740172593,43949.009877739336,43949.009877739336,-13219.430349467924,-13219.430349467924,-13219.430349467924,-13219.430349467924,-13219.430349467924,-13219.430349467924,0.0,0.0,0.0,30729.57952827141
2011-11-28,44081.659283217115,28518.515004239558,55643.61447314418,44081.659283217115,44081.659283217115,-1905.836838036528,-1905.836838036528,-1905.836838036528,-1905.836838036528,-1905.836838036528,-1905.836838036528,0.0,0.0,0.0,42175.82244518059
2011-11-29,44214.308688694895,31853.315593908206,59228.42469938235,44214.308688694895,44214.308688694895,1358.4827730236032,1358.4827730236032,1358.4827730236032,1358.4827730236032,1358.4827730236032,1358.4827730236032,0.0,0.0,0.0,45572.7914617185
2011-11-30,44346.95809417268,30554.18157450149,58751.33542833045,44346.95809417268,44346.95809417268,137.97809647210244,137.97809647210244,137.97809647210244,137.97809647210244,137.97809647210244,137.97809647210244,0.0,0.0,0.0,44484.93619064478
2011-12-01,44479.60749965046,38346.63985532586,65708.95090421446,44479.60749965046,44479.60749965046,7126.896933925211,7126.896933925211,7126.896933925211,7126.896933925211,7126.896933925211,7126.896933925211,0.0,0.0,0.0,51606.50443357567
2011-12-02,44612.25690512824,25871.668495707254,54168.589553545135,44612.25690512824,44612.25690512824,-4304.06142807285,-4304.06142807285,-4304.06142807285,-4304.06142807285,-4304.06142807285,-4304.06142807285,0.0,0.0,0.0,40308.19547705539
2011-12-04,44877.55571608381,17090.19480616714,45178.26086038912,44877.55571608381,44877.55571608381,-13219.430349486147,-13219.430349486147,-13219.430349486147,-13219.430349486147,-13219.430349486147,-13219.430349486147,0.0,0.0,0.0,31658.125366597662
2011-12-05,45010.20512156159,29505.766313792894,55852.093784586286,45010.20512156159,45010.20512156159,-1905.8368380438799,-1905.8368380438799,-1905.8368380438799,-1905.8368380438799,-1905.8368380438799,-1905.8368380438799,0.0,0.0,0.0,43104.36828351771
2011-12-06,45142.85452703937,33037.38807085787,60847.577352787564,45142.85452703937,45142.85452703937,1358.48277310422,1358.48277310422,1358.48277310422,1358.48277310422,1358.48277310422,1358.48277310422,0.0,0.0,0.0,46501.33730014359
2011-12-07,45275.50393251715,31130.35343378947,59225.24272032733,45275.50393251715,45275.50393251715,137.9780964567484,137.9780964567484,137.9780964567484,137.9780964567484,137.9780964567484,137.9780964567484,0.0,0.0,0.0,45413.4820289739
2011-12-08,45408.15333799493,39558.728995981386,66739.19858118494,45408.15333799493,45408.15333799493,7126.896933976579,7126.896933976579,7126.896933976579,7126.896933976579,7126.896933976579,7126.896933976579,0.0,0.0,0.0,52535.050271971515
2011-12-09,45540.80274347272,27179.14977234611,54225.5525076569,45540.80274347272,45540.80274347272,-4304.061428062701,-4304.061428062701,-4304.061428062701,-4304.061428062701,-4304.061428062701,-4304.061428062701,0.0,0.0,0.0,41236.74131541002
2011-12-10,45673.4521489505,42878.0140717591,70184.92330849741,45673.4521489505,45673.4521489505,10805.970812121024,10805.970812121024,10805.970812121024,10805.970812121024,10805.970812121024,10805.970812121024,0.0,0.0,0.0,56479.42296107153
2011-12-11,45806.10155442828,19246.801884656288,46362.710506796095,45806.10155442828,45806.10155442828,-13219.430349483167,-13219.430349483167,-13219.430349483167,-13219.430349483167,-13219.430349483167,-13219.430349483167,0.0,0.0,0.0,32586.67120494511
2011-12-12,45938.75095990606,30046.37056566369,58457.07793014672,45938.75095990606,45938.75095990606,-1905.8368379975761,-1905.8368379975761,-1905.8368379975761,-1905.8368379975761,-1905.8368379975761,-1905.8368379975761,0.0,0.0,0.0,44032.914121908485
2011-12-13,46071.400365383844,34348.16853232142,61917.388638339886,46070.06194512438,46073.036378233555,1358.4827730611369,1358.4827730611369,1358.4827730611369,1358.4827730611369,1358.4827730611369,1358.4827730611369,0.0,0.0,0.0,47429.88313844498
2011-12-14,46204.049770861624,32105.792233385902,59555.565063395356,46200.04010095958,46208.20867476472,137.9780964413947,137.9780964413947,137.9780964413947,137.9780964413947,137.9780964413947,137.9780964413947,0.0,0.0,0.0,46342.02786730302
2011-12-15,46336.6991763394,40252.569673687074,67071.14288471508,46329.2750075328,46344.97739139901,7126.896933943365,7126.896933943365,7126.896933943365,7126.896933943365,7126.896933943365,7126.896933943365,0.0,0.0,0.0,53463.59611028277
2011-12-16,46469.34858181719,28180.320960503654,56219.78630969913,46455.3840707918,46482.029477455624,-4304.061428064571,-4304.061428064571,-4304.061428064571,-4304.061428064571,-4304.061428064571,-4304.061428064571,0.0,0.0,0.0,42165.28715375262
2011-12-17,46601.99798729497,43267.73696766655,69810.93405160807,46582.69361537123,46619.04137668817,10805.970812104797,10805.970812104797,10805.970812104797,10805.970812104797,10805.970812104797,10805.970812104797,0.0,0.0,0.0,57407.968799399765
2011-12-18,46734.64739277275,20294.30921737721,47701.89574507266,46709.223911804285,46758.31179437239,-13219.430349480188,-13219.430349480188,-13219.430349480188,-13219.430349480188,-13219.430349480188,-13219.430349480188,0.0,0.0,0.0,33515.21704329256
2011-12-19,46867.296798250536,30771.65029357178,58629.20223589765,46834.68083527439,46896.565588278376,-1905.8368380585823,-1905.8368380585823,-1905.8368380585823,-1905.8368380585823,-1905.8368380585823,-1905.8368380585823,0.0,0.0,0.0,44961.459960191954
2011-12-20,46999.946203728316,34666.672700892384,62119.71518611539,46957.977300856095,47036.83492443922,1358.4827730051454,1358.4827730051454,1358.4827730051454,1358.4827730051454,1358.4827730051454,1358.4827730051454,0.0,0.0,0.0,48358.42897673346
2011-12-21,47132.595609206095,33229.08686809676,60685.81558369101,47081.90793954066,47175.68048640208,137.97809648988596,137.97809648988596,137.97809648988596,137.97809648988596,137.97809648988596,137.97809648988596,0.0,0.0,0.0,47270.573705695984
2011-12-22,47265.24501468388,40593.15858091188,69695.56390590659,47207.315306985176,47316.774546668355,7126.896933953306,7126.896933953306,7126.896933953306,7126.896933953306,7126.896933953306,7126.896933953306,0.0,0.0,0.0,54392.14194863719
2011-12-23,47397.89442016166,29984.936918752603,57098.61587958421,47330.97122882188,47457.080040424225,-4304.061428048028,-4304.061428048028,-4304.061428048028,-4304.061428048028,-4304.061428048028,-4304.061428048028,0.0,0.0,0.0,43093.83299211363
2011-12-24,47530.54382563944,45062.98315201676,72422.84524261866,47452.33137214193,47595.39192444621,10805.970812106796,10805.970812106796,10805.970812106796,10805.970812106796,10805.970812106796,10805.970812106796,0.0,0.0,0.0,58336.51463774624
2011-12-25,47663.19323111723,19902.461743094518,48179.31057606039,47573.842847021646,47735.27697324042,-13219.430349415119,-13219.430349415119,-13219.430349415119,-13219.430349415119,-13219.430349415119,-13219.430349415119,0.0,0.0,0.0,34443.76288170211
2011-12-26,47795.84263659501,32491.301048365614,59140.56555588501,47695.83043093475,47879.018103977745,-1905.8368380256702,-1905.8368380256702,-1905.8368380256702,-1905.8368380256702,-1905.8368380256702,-1905.8368380256702,0.0,0.0,0.0,45890.005798569335
2011-12-27,47928.49204207279,35828.52350497594,62339.803665065345,47820.77276946144,48020.0977549711,1358.4827730239138,1358.4827730239138,1358.4827730239138,1358.4827730239138,1358.4827730239138,1358.4827730239138,0.0,0.0,0.0,49286.9748150967
2011-12-28,48061.141447550566,34497.01149348821,61673.42871743897,47944.46272301823,48161.824170637585,137.978096416739,137.978096416739,137.978096416739,137.978096416739,137.978096416739,137.978096416739,0.0,0.0,0.0,48199.1195439673
2011-12-29,48193.79085302835,41082.541057246424,66957.33346943182,48067.92643179353,48309.73742463215,7126.896933963246,7126.896933963246,7126.896933963246,7126.896933963246,7126.896933963246,7126.896933963246,0.0,0.0,0.0,55320.6877869916
2011-12-30,48326.44025850613,28688.841081244762,57800.5671118494,48191.27468568043,48453.34285103549,-4304.0614280683085,-4304.0614280683085,-4304.0614280683085,-4304.0614280683085,-4304.0614280683085,-4304.0614280683085,0.0,0.0,0.0,44022.378830437825
2011-12-31,48459.08966398391,45452.811643721565,72685.5278532112,48313.37287515103,48598.6615301403,10805.970812122674,10805.970812122674,10805.970812122674,10805.970812122674,10805.970812122674,10805.970812122674,0.0,0.0,0.0,59265.060476106584
2012-01-01,48591.73906946169,22003.987589270742,48394.47314067862,48433.77871650092,48746.038709894645,-13219.43034944697,-13219.43034944697,-13219.43034944697,-13219.43034944697,-13219.43034944697,-13219.43034944697,0.0,0.0,0.0,35372.30872001472
2012-01-02,48724.38847493947,32633.458456491982,60204.897195283855,48558.4747423371,48888.76090668437,-1905.836838033022,-1905.836838033022,-1905.836838033022,-1905.836838033022,-1905.836838033022,-1905.836838033022,0.0,0.0,0.0,46818.55163690645
2012-01-03,48857.037880417265,36022.46236644546,64178.6475172415,48679.11174879819,49031.32190511461,1358.4827729808298,1358.4827729808298,1358.4827729808298,1358.4827729808298,1358.4827729808298,1358.4827729808298,0.0,0.0,0.0,50215.520653398096
2012-01-04,48989.687285895045,35483.21892793886,63825.78527570597,48797.988582406404,49182.67033480364,137.9780964591793,137.9780964591793,137.9780964591793,137.9780964591793,137.9780964591793,137.9780964591793,0.0,0.0,0.0,49127.66538235422
2012-01-05,49122.33669137283,43184.7255292921,70881.96028746043,48921.03561435061,49328.15371507441,7126.896933972324,7126.896933972324,7126.896933972324,7126.896933972324,7126.896933972324,7126.896933972324,0.0,0.0,0.0,56249.23362534516
2012-01-06,49254.98609685061,31887.34410757191,58876.37945827078,49037.02578018857,49473.787757305385,-4304.06142805816,-4304.06142805816,-4304.06142805816,-4304.06142805816,-4304.06142805816,-4304.06142805816,0.0,0.0,0.0,44950.92466879245
2012-01-07,49387.63550232839,46107.017251616744,74994.5914426803,49158.55075610411,49616.30736856149,10805.97081211556,10805.97081211556,10805.97081211556,10805.97081211556,10805.97081211556,10805.97081211556,0.0,0.0,0.0,60193.606314443954
2012-01-08,49520.28490780617,22438.350323762217,49895.375391638096,49278.30524233496,49759.20440315207,-13219.43034944399,-13219.43034944399,-13219.43034944399,-13219.43034944399,-13219.43034944399,-13219.43034944399,0.0,0.0,0.0,36300.85455836218
